--Oluþturduðum veri tabaný 2020'de çýkan oyunlarý içeriyordu. Buna ek olarak 2021 yýlýnda çýkýþ tarihi belirlenmiþ oyunlarý eklemek istedim.

--Game_list tablomda references sütunu vardý. References tablosuna baðlantý yapýyordu. Fakat yeni bilgi eklerken kaynakta ayný reference no ile 
--veri ekleyemeyeceðim için reference tablosunu kaldýrarak veri eklemeye baþladým.

alter table game_list drop constraint FK_REFERENCE_ID;
alter table game_list drop column reference_id;
drop table  reference1;

-- Publisher tablosu için insert komutlarý
INSERT INTO GAMELIST.PUBLISHER (PUBLISHER_ID,PUBLISHER_NAME) VALUES(199,'PM Studios');
INSERT INTO GAMELIST.PUBLISHER (PUBLISHER_ID,PUBLISHER_NAME) VALUES(200,'Maximum Games');
INSERT INTO GAMELIST.PUBLISHER (PUBLISHER_ID,PUBLISHER_NAME) VALUES(201,'IO Interactive');
INSERT INTO GAMELIST.PUBLISHER (PUBLISHER_ID,PUBLISHER_NAME) VALUES(202,'Firefly Studios');
INSERT INTO GAMELIST.PUBLISHER (PUBLISHER_ID,PUBLISHER_NAME) VALUES(203,'Clouded Leopard Entertainment');
INSERT INTO GAMELIST.PUBLISHER (PUBLISHER_ID,PUBLISHER_NAME) VALUES(204,'Bloober Team');
INSERT INTO GAMELIST.PUBLISHER (PUBLISHER_ID,PUBLISHER_NAME) VALUES(205,'JanduSoft');
INSERT INTO GAMELIST.PUBLISHER (PUBLISHER_ID,PUBLISHER_NAME) VALUES(206,'Lillymo Games/EastAsiaSoft');
INSERT INTO GAMELIST.PUBLISHER (PUBLISHER_ID,PUBLISHER_NAME) VALUES(207,'Sony Interactive Entertainment/Koei Tecmo');
INSERT INTO GAMELIST.PUBLISHER (PUBLISHER_ID,PUBLISHER_NAME) VALUES(208,'Badland Publishing');
INSERT INTO GAMELIST.PUBLISHER (PUBLISHER_ID,PUBLISHER_NAME) VALUES(209,'Beep');
INSERT INTO GAMELIST.PUBLISHER (PUBLISHER_ID,PUBLISHER_NAME) VALUES(210,'Cosen');
INSERT INTO GAMELIST.PUBLISHER (PUBLISHER_ID,PUBLISHER_NAME) VALUES(211,'3D Realms/1C Entertainment');
INSERT INTO GAMELIST.PUBLISHER (PUBLISHER_ID,PUBLISHER_NAME) VALUES(212,'Chorus Worldwide');
INSERT INTO GAMELIST.PUBLISHER (PUBLISHER_ID,PUBLISHER_NAME) VALUES(213,'Natsume');
INSERT INTO GAMELIST.PUBLISHER (PUBLISHER_ID,PUBLISHER_NAME) VALUES(214,'Broccoli');

--Game_Lýst tablosu için insert komutlarý
INSERT INTO GAMELIST.GAME_LIST (GAME_ID,GAME_NAME,RELEASE_DATE,GENRE,GENRE2,GENRE3,PUBLISHER_ID) VALUES (524,'Iris.Fall','8.01.2021','Puzzle adventure','','',199);
INSERT INTO GAMELIST.GAME_LIST (GAME_ID,GAME_NAME,RELEASE_DATE,GENRE,GENRE2,GENRE3,PUBLISHER_ID) VALUES (525,'Five Nights at Freddys: Core Collection','12.01.2021','Survival horror','','',200);
INSERT INTO GAMELIST.GAME_LIST (GAME_ID,GAME_NAME,RELEASE_DATE,GENRE,GENRE2,GENRE3,PUBLISHER_ID) VALUES (526,'MXGP 2020','14.01.2021','Racing','','',152);
INSERT INTO GAMELIST.GAME_LIST (GAME_ID,GAME_NAME,RELEASE_DATE,GENRE,GENRE2,GENRE3,PUBLISHER_ID) VALUES (527,'Hitman 3','20.01.2021','Stealth','','',201);
INSERT INTO GAMELIST.GAME_LIST (GAME_ID,GAME_NAME,RELEASE_DATE,GENRE,GENRE2,GENRE3,PUBLISHER_ID) VALUES (528,'Prince of Persia: The Sands of Time Remake','21.01.2021','Action-adventure',' Hack And Slash','',102);
INSERT INTO GAMELIST.GAME_LIST (GAME_ID,GAME_NAME,RELEASE_DATE,GENRE,GENRE2,GENRE3,PUBLISHER_ID) VALUES (529,'Ride 4','21.01.2021','Racing','','',152);
INSERT INTO GAMELIST.GAME_LIST (GAME_ID,GAME_NAME,RELEASE_DATE,GENRE,GENRE2,GENRE3,PUBLISHER_ID) VALUES (530,'Bladed Fury','22.01.2021','Side scroller',' Action','',199);
INSERT INTO GAMELIST.GAME_LIST (GAME_ID,GAME_NAME,RELEASE_DATE,GENRE,GENRE2,GENRE3,PUBLISHER_ID) VALUES (531,'Atelier Ryza 2: Lost Legends & the Secret Fairy[a]','26.01.2021','Role-playing','','',4);
INSERT INTO GAMELIST.GAME_LIST (GAME_ID,GAME_NAME,RELEASE_DATE,GENRE,GENRE2,GENRE3,PUBLISHER_ID) VALUES (532,'Stronghold: Warlords','26.01.2021','Real-time strategy','','',202);
INSERT INTO GAMELIST.GAME_LIST (GAME_ID,GAME_NAME,RELEASE_DATE,GENRE,GENRE2,GENRE3,PUBLISHER_ID) VALUES (533,'Ar Nosurge DX[b]','28.01.2021','Role-playing','','',4);
INSERT INTO GAMELIST.GAME_LIST (GAME_ID,GAME_NAME,RELEASE_DATE,GENRE,GENRE2,GENRE3,PUBLISHER_ID) VALUES (534,'Ciel Nosurge DX[b]','28.01.2021','Life simulation','','',4);
INSERT INTO GAMELIST.GAME_LIST (GAME_ID,GAME_NAME,RELEASE_DATE,GENRE,GENRE2,GENRE3,PUBLISHER_ID) VALUES (535,'Disgaea 6: Defiance of Destiny[b]','28.01.2021','Tactical role-playing','','',70);
INSERT INTO GAMELIST.GAME_LIST (GAME_ID,GAME_NAME,RELEASE_DATE,GENRE,GENRE2,GENRE3,PUBLISHER_ID) VALUES (536,'Gal*Gun Returns[b]','28.01.2021','Rail shooter','','',69);
INSERT INTO GAMELIST.GAME_LIST (GAME_ID,GAME_NAME,RELEASE_DATE,GENRE,GENRE2,GENRE3,PUBLISHER_ID) VALUES (537,'Märchen Forest: Mylne and the Forest Gift','28.01.2021','Role-playing','','',203);
INSERT INTO GAMELIST.GAME_LIST (GAME_ID,GAME_NAME,RELEASE_DATE,GENRE,GENRE2,GENRE3,PUBLISHER_ID) VALUES (538,'The Medium','28.01.2021','Psychological horror','','',204);
INSERT INTO GAMELIST.GAME_LIST (GAME_ID,GAME_NAME,RELEASE_DATE,GENRE,GENRE2,GENRE3,PUBLISHER_ID) VALUES (539,'Sword of the Necromancer','28.01.2021','Roguelike',' Role-Playing','',205);
INSERT INTO GAMELIST.GAME_LIST (GAME_ID,GAME_NAME,RELEASE_DATE,GENRE,GENRE2,GENRE3,PUBLISHER_ID) VALUES (540,'Buddy Mission: Bond[b]','29.01.2021','Adventure','','',9);
INSERT INTO GAMELIST.GAME_LIST (GAME_ID,GAME_NAME,RELEASE_DATE,GENRE,GENRE2,GENRE3,PUBLISHER_ID) VALUES (541,'Gods Will Fall','29.01.2021','Action-adventure','','',46);
INSERT INTO GAMELIST.GAME_LIST (GAME_ID,GAME_NAME,RELEASE_DATE,GENRE,GENRE2,GENRE3,PUBLISHER_ID) VALUES (542,'Re:Zero ? Starting Life in Another World: The Prophecy of the Throne','29.01.2021','Visual novel',' Tactical Role-Playing','',37);
INSERT INTO GAMELIST.GAME_LIST (GAME_ID,GAME_NAME,RELEASE_DATE,GENRE,GENRE2,GENRE3,PUBLISHER_ID) VALUES (543,'Outriders','2.02.2021','Third-person shooter',' Role-Playing','',35);
INSERT INTO GAMELIST.GAME_LIST (GAME_ID,GAME_NAME,RELEASE_DATE,GENRE,GENRE2,GENRE3,PUBLISHER_ID) VALUES (544,'Ys IX: Monstrum Nox[a]','2.02.2021','Action role-playing','','',10);
INSERT INTO GAMELIST.GAME_LIST (GAME_ID,GAME_NAME,RELEASE_DATE,GENRE,GENRE2,GENRE3,PUBLISHER_ID) VALUES (545,'Habroxia 2','3.02.2021','Twin-stick shooter','','',206);
INSERT INTO GAMELIST.GAME_LIST (GAME_ID,GAME_NAME,RELEASE_DATE,GENRE,GENRE2,GENRE3,PUBLISHER_ID) VALUES (546,'Werewolf: The Apocalypse – Earthblood','4.02.2021','Action role-playing','','',136);
INSERT INTO GAMELIST.GAME_LIST (GAME_ID,GAME_NAME,RELEASE_DATE,GENRE,GENRE2,GENRE3,PUBLISHER_ID) VALUES (547,'Nioh Remastered - The Complete Edition','5.02.2021','Action role-playing','','',19);
INSERT INTO GAMELIST.GAME_LIST (GAME_ID,GAME_NAME,RELEASE_DATE,GENRE,GENRE2,GENRE3,PUBLISHER_ID) VALUES (548,'Nioh 2 - The Complete Edition','5.02.2021','Action role-playing','','',207);
INSERT INTO GAMELIST.GAME_LIST (GAME_ID,GAME_NAME,RELEASE_DATE,GENRE,GENRE2,GENRE3,PUBLISHER_ID) VALUES (549,'Nioh 2 Remastered - The Complete Edition','5.02.2021','Action role-playing','','',19);
INSERT INTO GAMELIST.GAME_LIST (GAME_ID,GAME_NAME,RELEASE_DATE,GENRE,GENRE2,GENRE3,PUBLISHER_ID) VALUES (550,'Death Crown','11.02.2021','Real-time strategy','','',208);
INSERT INTO GAMELIST.GAME_LIST (GAME_ID,GAME_NAME,RELEASE_DATE,GENRE,GENRE2,GENRE3,PUBLISHER_ID) VALUES (551,'Little Nightmares 2','11.02.2021','Puzzle-platformer',' Survival Horror','',8);
INSERT INTO GAMELIST.GAME_LIST (GAME_ID,GAME_NAME,RELEASE_DATE,GENRE,GENRE2,GENRE3,PUBLISHER_ID) VALUES (552,'Gal*Gun Returns[a]','12.02.2021','Rail shooter','','',119);
INSERT INTO GAMELIST.GAME_LIST (GAME_ID,GAME_NAME,RELEASE_DATE,GENRE,GENRE2,GENRE3,PUBLISHER_ID) VALUES (553,'Super Mario 3D World + Bowsers Fury','12.02.2021','Platformer','','',9);
INSERT INTO GAMELIST.GAME_LIST (GAME_ID,GAME_NAME,RELEASE_DATE,GENRE,GENRE2,GENRE3,PUBLISHER_ID) VALUES (554,'Azur Lane: Crosswave[a]','16.02.2021','Shoot em up','','',28);
INSERT INTO GAMELIST.GAME_LIST (GAME_ID,GAME_NAME,RELEASE_DATE,GENRE,GENRE2,GENRE3,PUBLISHER_ID) VALUES (555,'Fallen Legion: Revenants','16.02.2021','Action role-playing','','',10);
INSERT INTO GAMELIST.GAME_LIST (GAME_ID,GAME_NAME,RELEASE_DATE,GENRE,GENRE2,GENRE3,PUBLISHER_ID) VALUES (556,'The 25th Ward: The Silver Case[b]','18.02.2021','Adventure','','',87);
INSERT INTO GAMELIST.GAME_LIST (GAME_ID,GAME_NAME,RELEASE_DATE,GENRE,GENRE2,GENRE3,PUBLISHER_ID) VALUES (557,'Void Terrarium Plus[b]','18.02.2021','Role-playing',' Roguelike','',70);
INSERT INTO GAMELIST.GAME_LIST (GAME_ID,GAME_NAME,RELEASE_DATE,GENRE,GENRE2,GENRE3,PUBLISHER_ID) VALUES (558,'The Silver Case[b]','18.02.2021','Adventure','','',87);
INSERT INTO GAMELIST.GAME_LIST (GAME_ID,GAME_NAME,RELEASE_DATE,GENRE,GENRE2,GENRE3,PUBLISHER_ID) VALUES (559,'Cotton Reboot[b]','25.02.2021','Shoot em up','','',209);
INSERT INTO GAMELIST.GAME_LIST (GAME_ID,GAME_NAME,RELEASE_DATE,GENRE,GENRE2,GENRE3,PUBLISHER_ID) VALUES (560,'Darius Cozmic Revelation[b]','25.02.2021','Shoot em up','','',65);
INSERT INTO GAMELIST.GAME_LIST (GAME_ID,GAME_NAME,RELEASE_DATE,GENRE,GENRE2,GENRE3,PUBLISHER_ID) VALUES (561,'Forward to the Sky','25.02.2021','Action-adventure','','',210);
INSERT INTO GAMELIST.GAME_LIST (GAME_ID,GAME_NAME,RELEASE_DATE,GENRE,GENRE2,GENRE3,PUBLISHER_ID) VALUES (562,'Riders Republic','25.02.2021','Sports','','',102);
INSERT INTO GAMELIST.GAME_LIST (GAME_ID,GAME_NAME,RELEASE_DATE,GENRE,GENRE2,GENRE3,PUBLISHER_ID) VALUES (563,'Wing of Darkness','25.02.2021','Rail shooter','','',203);
INSERT INTO GAMELIST.GAME_LIST (GAME_ID,GAME_NAME,RELEASE_DATE,GENRE,GENRE2,GENRE3,PUBLISHER_ID) VALUES (564,'Wrath: Aeon of Ruin','25.02.2021','First-person shooter','','',211);
INSERT INTO GAMELIST.GAME_LIST (GAME_ID,GAME_NAME,RELEASE_DATE,GENRE,GENRE2,GENRE3,PUBLISHER_ID) VALUES (565,'Bravely Default 2','26.02.2021','Role-playing','','',9);
INSERT INTO GAMELIST.GAME_LIST (GAME_ID,GAME_NAME,RELEASE_DATE,GENRE,GENRE2,GENRE3,PUBLISHER_ID) VALUES (566,'Speed Limit','26.02.2021','Shoot em up','','',212);
INSERT INTO GAMELIST.GAME_LIST (GAME_ID,GAME_NAME,RELEASE_DATE,GENRE,GENRE2,GENRE3,PUBLISHER_ID) VALUES (567,'Harvest Moon: One World','2.03.2021','Simulation','','',213);
INSERT INTO GAMELIST.GAME_LIST (GAME_ID,GAME_NAME,RELEASE_DATE,GENRE,GENRE2,GENRE3,PUBLISHER_ID) VALUES (568,'Yakuza: Like a Dragon','2.03.2021','Role-playing','','',7);
INSERT INTO GAMELIST.GAME_LIST (GAME_ID,GAME_NAME,RELEASE_DATE,GENRE,GENRE2,GENRE3,PUBLISHER_ID) VALUES (569,'Monster Energy Supercross: The Official Videogame 4','11.03.2021','Racing','','',152);
INSERT INTO GAMELIST.GAME_LIST (GAME_ID,GAME_NAME,RELEASE_DATE,GENRE,GENRE2,GENRE3,PUBLISHER_ID) VALUES (570,'Saviors of Sapphire Wings & Stranger of Sword City Revisited[a]','16.03.2021','Role-playing',' Dungeon Crawler','',10);
INSERT INTO GAMELIST.GAME_LIST (GAME_ID,GAME_NAME,RELEASE_DATE,GENRE,GENRE2,GENRE3,PUBLISHER_ID) VALUES (571,'Jack Jeanne[b]','18.03.2021','Visual novel','','',214);
INSERT INTO GAMELIST.GAME_LIST (GAME_ID,GAME_NAME,RELEASE_DATE,GENRE,GENRE2,GENRE3,PUBLISHER_ID) VALUES (572,'Maglam Lord[b]','18.03.2021','Action role-playing','','',197);
INSERT INTO GAMELIST.GAME_LIST (GAME_ID,GAME_NAME,RELEASE_DATE,GENRE,GENRE2,GENRE3,PUBLISHER_ID) VALUES (573,'Story of Seasons: Pioneers of Olive Town','23.03.2021','Role-playing',' Simulation','',29);
INSERT INTO GAMELIST.GAME_LIST (GAME_ID,GAME_NAME,RELEASE_DATE,GENRE,GENRE2,GENRE3,PUBLISHER_ID) VALUES (574,'Balan Wonderworld','26.03.2021','Platformer','','',35);
INSERT INTO GAMELIST.GAME_LIST (GAME_ID,GAME_NAME,RELEASE_DATE,GENRE,GENRE2,GENRE3,PUBLISHER_ID) VALUES (575,'Monster Hunter Rise','26.03.2021','Action role-playing','','',2);
INSERT INTO GAMELIST.GAME_LIST (GAME_ID,GAME_NAME,RELEASE_DATE,GENRE,GENRE2,GENRE3,PUBLISHER_ID) VALUES (576,'Guilty Gear Strive','9.04.2021','Fighting','','',36);
INSERT INTO GAMELIST.GAME_LIST (GAME_ID,GAME_NAME,RELEASE_DATE,GENRE,GENRE2,GENRE3,PUBLISHER_ID) VALUES (577,'Poison Control[a]','13.04.2021','Action role-playing','','',10);
INSERT INTO GAMELIST.GAME_LIST (GAME_ID,GAME_NAME,RELEASE_DATE,GENRE,GENRE2,GENRE3,PUBLISHER_ID) VALUES (578,'Nier Replicant ver.1.22474487139...','23.04.2021','Action role-playing',' Hack And Slash','',35);
INSERT INTO GAMELIST.GAME_LIST (GAME_ID,GAME_NAME,RELEASE_DATE,GENRE,GENRE2,GENRE3,PUBLISHER_ID) VALUES (579,'Rune Factory 5[b]','20.05.2021','Role-playing',' Simulation','',6);
INSERT INTO GAMELIST.GAME_LIST (GAME_ID,GAME_NAME,RELEASE_DATE,GENRE,GENRE2,GENRE3,PUBLISHER_ID) VALUES (580,'Deathloop','21.05.2021','Action-adventure','','',58);

--Platform game connetion tablosu için insertler
INSERT INTO GAMELIST.PLATFORM_GAME_CONNECTION (ID,GAME_ID,PLATFORM_ID) VALUES (1046,524,2);
INSERT INTO GAMELIST.PLATFORM_GAME_CONNECTION (ID,GAME_ID,PLATFORM_ID) VALUES (1047,524,3);
INSERT INTO GAMELIST.PLATFORM_GAME_CONNECTION (ID,GAME_ID,PLATFORM_ID) VALUES (1048,524,4);
INSERT INTO GAMELIST.PLATFORM_GAME_CONNECTION (ID,GAME_ID,PLATFORM_ID) VALUES (1049,525,2);
INSERT INTO GAMELIST.PLATFORM_GAME_CONNECTION (ID,GAME_ID,PLATFORM_ID) VALUES (1050,525,3);
INSERT INTO GAMELIST.PLATFORM_GAME_CONNECTION (ID,GAME_ID,PLATFORM_ID) VALUES (1051,525,4);
INSERT INTO GAMELIST.PLATFORM_GAME_CONNECTION (ID,GAME_ID,PLATFORM_ID) VALUES (1052,526,12);
INSERT INTO GAMELIST.PLATFORM_GAME_CONNECTION (ID,GAME_ID,PLATFORM_ID) VALUES (1053,527,1);
INSERT INTO GAMELIST.PLATFORM_GAME_CONNECTION (ID,GAME_ID,PLATFORM_ID) VALUES (1054,527,3);
INSERT INTO GAMELIST.PLATFORM_GAME_CONNECTION (ID,GAME_ID,PLATFORM_ID) VALUES (1055,527,12);
INSERT INTO GAMELIST.PLATFORM_GAME_CONNECTION (ID,GAME_ID,PLATFORM_ID) VALUES (1056,527,4);
INSERT INTO GAMELIST.PLATFORM_GAME_CONNECTION (ID,GAME_ID,PLATFORM_ID) VALUES (1057,527,11);
INSERT INTO GAMELIST.PLATFORM_GAME_CONNECTION (ID,GAME_ID,PLATFORM_ID) VALUES (1058,527,8);
INSERT INTO GAMELIST.PLATFORM_GAME_CONNECTION (ID,GAME_ID,PLATFORM_ID) VALUES (1059,528,1);
INSERT INTO GAMELIST.PLATFORM_GAME_CONNECTION (ID,GAME_ID,PLATFORM_ID) VALUES (1060,528,3);
INSERT INTO GAMELIST.PLATFORM_GAME_CONNECTION (ID,GAME_ID,PLATFORM_ID) VALUES (1061,528,4);
INSERT INTO GAMELIST.PLATFORM_GAME_CONNECTION (ID,GAME_ID,PLATFORM_ID) VALUES (1062,529,12);
INSERT INTO GAMELIST.PLATFORM_GAME_CONNECTION (ID,GAME_ID,PLATFORM_ID) VALUES (1063,529,11);
INSERT INTO GAMELIST.PLATFORM_GAME_CONNECTION (ID,GAME_ID,PLATFORM_ID) VALUES (1064,530,2);
INSERT INTO GAMELIST.PLATFORM_GAME_CONNECTION (ID,GAME_ID,PLATFORM_ID) VALUES (1065,530,3);
INSERT INTO GAMELIST.PLATFORM_GAME_CONNECTION (ID,GAME_ID,PLATFORM_ID) VALUES (1066,530,4);
INSERT INTO GAMELIST.PLATFORM_GAME_CONNECTION (ID,GAME_ID,PLATFORM_ID) VALUES (1067,531,1);
INSERT INTO GAMELIST.PLATFORM_GAME_CONNECTION (ID,GAME_ID,PLATFORM_ID) VALUES (1068,531,2);
INSERT INTO GAMELIST.PLATFORM_GAME_CONNECTION (ID,GAME_ID,PLATFORM_ID) VALUES (1069,531,3);
INSERT INTO GAMELIST.PLATFORM_GAME_CONNECTION (ID,GAME_ID,PLATFORM_ID) VALUES (1070,531,12);
INSERT INTO GAMELIST.PLATFORM_GAME_CONNECTION (ID,GAME_ID,PLATFORM_ID) VALUES (1071,532,1);
INSERT INTO GAMELIST.PLATFORM_GAME_CONNECTION (ID,GAME_ID,PLATFORM_ID) VALUES (1072,533,1);
INSERT INTO GAMELIST.PLATFORM_GAME_CONNECTION (ID,GAME_ID,PLATFORM_ID) VALUES (1073,533,2);
INSERT INTO GAMELIST.PLATFORM_GAME_CONNECTION (ID,GAME_ID,PLATFORM_ID) VALUES (1074,533,3);
INSERT INTO GAMELIST.PLATFORM_GAME_CONNECTION (ID,GAME_ID,PLATFORM_ID) VALUES (1075,534,1);
INSERT INTO GAMELIST.PLATFORM_GAME_CONNECTION (ID,GAME_ID,PLATFORM_ID) VALUES (1076,534,2);
INSERT INTO GAMELIST.PLATFORM_GAME_CONNECTION (ID,GAME_ID,PLATFORM_ID) VALUES (1077,534,3);
INSERT INTO GAMELIST.PLATFORM_GAME_CONNECTION (ID,GAME_ID,PLATFORM_ID) VALUES (1078,535,2);
INSERT INTO GAMELIST.PLATFORM_GAME_CONNECTION (ID,GAME_ID,PLATFORM_ID) VALUES (1079,535,3);
INSERT INTO GAMELIST.PLATFORM_GAME_CONNECTION (ID,GAME_ID,PLATFORM_ID) VALUES (1080,536,2);
INSERT INTO GAMELIST.PLATFORM_GAME_CONNECTION (ID,GAME_ID,PLATFORM_ID) VALUES (1081,536,4);
INSERT INTO GAMELIST.PLATFORM_GAME_CONNECTION (ID,GAME_ID,PLATFORM_ID) VALUES (1082,537,1);
INSERT INTO GAMELIST.PLATFORM_GAME_CONNECTION (ID,GAME_ID,PLATFORM_ID) VALUES (1083,537,2);
INSERT INTO GAMELIST.PLATFORM_GAME_CONNECTION (ID,GAME_ID,PLATFORM_ID) VALUES (1084,537,3);
INSERT INTO GAMELIST.PLATFORM_GAME_CONNECTION (ID,GAME_ID,PLATFORM_ID) VALUES (1085,538,1);
INSERT INTO GAMELIST.PLATFORM_GAME_CONNECTION (ID,GAME_ID,PLATFORM_ID) VALUES (1086,538,11);
INSERT INTO GAMELIST.PLATFORM_GAME_CONNECTION (ID,GAME_ID,PLATFORM_ID) VALUES (1087,539,1);
INSERT INTO GAMELIST.PLATFORM_GAME_CONNECTION (ID,GAME_ID,PLATFORM_ID) VALUES (1088,539,2);
INSERT INTO GAMELIST.PLATFORM_GAME_CONNECTION (ID,GAME_ID,PLATFORM_ID) VALUES (1089,539,3);
INSERT INTO GAMELIST.PLATFORM_GAME_CONNECTION (ID,GAME_ID,PLATFORM_ID) VALUES (1090,539,4);
INSERT INTO GAMELIST.PLATFORM_GAME_CONNECTION (ID,GAME_ID,PLATFORM_ID) VALUES (1091,540,2);
INSERT INTO GAMELIST.PLATFORM_GAME_CONNECTION (ID,GAME_ID,PLATFORM_ID) VALUES (1092,541,1);
INSERT INTO GAMELIST.PLATFORM_GAME_CONNECTION (ID,GAME_ID,PLATFORM_ID) VALUES (1093,541,2);
INSERT INTO GAMELIST.PLATFORM_GAME_CONNECTION (ID,GAME_ID,PLATFORM_ID) VALUES (1094,541,3);
INSERT INTO GAMELIST.PLATFORM_GAME_CONNECTION (ID,GAME_ID,PLATFORM_ID) VALUES (1095,541,4);
INSERT INTO GAMELIST.PLATFORM_GAME_CONNECTION (ID,GAME_ID,PLATFORM_ID) VALUES (1096,541,8);
INSERT INTO GAMELIST.PLATFORM_GAME_CONNECTION (ID,GAME_ID,PLATFORM_ID) VALUES (1097,542,1);
INSERT INTO GAMELIST.PLATFORM_GAME_CONNECTION (ID,GAME_ID,PLATFORM_ID) VALUES (1098,542,2);
INSERT INTO GAMELIST.PLATFORM_GAME_CONNECTION (ID,GAME_ID,PLATFORM_ID) VALUES (1099,542,3);
INSERT INTO GAMELIST.PLATFORM_GAME_CONNECTION (ID,GAME_ID,PLATFORM_ID) VALUES (1100,543,1);
INSERT INTO GAMELIST.PLATFORM_GAME_CONNECTION (ID,GAME_ID,PLATFORM_ID) VALUES (1101,543,3);
INSERT INTO GAMELIST.PLATFORM_GAME_CONNECTION (ID,GAME_ID,PLATFORM_ID) VALUES (1102,543,12);
INSERT INTO GAMELIST.PLATFORM_GAME_CONNECTION (ID,GAME_ID,PLATFORM_ID) VALUES (1103,543,4);
INSERT INTO GAMELIST.PLATFORM_GAME_CONNECTION (ID,GAME_ID,PLATFORM_ID) VALUES (1104,543,11);
INSERT INTO GAMELIST.PLATFORM_GAME_CONNECTION (ID,GAME_ID,PLATFORM_ID) VALUES (1105,544,3);
INSERT INTO GAMELIST.PLATFORM_GAME_CONNECTION (ID,GAME_ID,PLATFORM_ID) VALUES (1106,545,1);
INSERT INTO GAMELIST.PLATFORM_GAME_CONNECTION (ID,GAME_ID,PLATFORM_ID) VALUES (1107,545,3);
INSERT INTO GAMELIST.PLATFORM_GAME_CONNECTION (ID,GAME_ID,PLATFORM_ID) VALUES (1108,545,10);
INSERT INTO GAMELIST.PLATFORM_GAME_CONNECTION (ID,GAME_ID,PLATFORM_ID) VALUES (1109,545,4);
INSERT INTO GAMELIST.PLATFORM_GAME_CONNECTION (ID,GAME_ID,PLATFORM_ID) VALUES (1110,545,2);
INSERT INTO GAMELIST.PLATFORM_GAME_CONNECTION (ID,GAME_ID,PLATFORM_ID) VALUES (1111,546,1);
INSERT INTO GAMELIST.PLATFORM_GAME_CONNECTION (ID,GAME_ID,PLATFORM_ID) VALUES (1112,546,3);
INSERT INTO GAMELIST.PLATFORM_GAME_CONNECTION (ID,GAME_ID,PLATFORM_ID) VALUES (1113,546,12);
INSERT INTO GAMELIST.PLATFORM_GAME_CONNECTION (ID,GAME_ID,PLATFORM_ID) VALUES (1114,546,4);
INSERT INTO GAMELIST.PLATFORM_GAME_CONNECTION (ID,GAME_ID,PLATFORM_ID) VALUES (1115,546,11);
INSERT INTO GAMELIST.PLATFORM_GAME_CONNECTION (ID,GAME_ID,PLATFORM_ID) VALUES (1116,547,12);
INSERT INTO GAMELIST.PLATFORM_GAME_CONNECTION (ID,GAME_ID,PLATFORM_ID) VALUES (1117,548,1);
INSERT INTO GAMELIST.PLATFORM_GAME_CONNECTION (ID,GAME_ID,PLATFORM_ID) VALUES (1118,548,3);
INSERT INTO GAMELIST.PLATFORM_GAME_CONNECTION (ID,GAME_ID,PLATFORM_ID) VALUES (1119,549,12);
INSERT INTO GAMELIST.PLATFORM_GAME_CONNECTION (ID,GAME_ID,PLATFORM_ID) VALUES (1120,550,2);
INSERT INTO GAMELIST.PLATFORM_GAME_CONNECTION (ID,GAME_ID,PLATFORM_ID) VALUES (1121,550,3);
INSERT INTO GAMELIST.PLATFORM_GAME_CONNECTION (ID,GAME_ID,PLATFORM_ID) VALUES (1122,550,4);
INSERT INTO GAMELIST.PLATFORM_GAME_CONNECTION (ID,GAME_ID,PLATFORM_ID) VALUES (1123,551,1);
INSERT INTO GAMELIST.PLATFORM_GAME_CONNECTION (ID,GAME_ID,PLATFORM_ID) VALUES (1124,551,2);
INSERT INTO GAMELIST.PLATFORM_GAME_CONNECTION (ID,GAME_ID,PLATFORM_ID) VALUES (1125,551,3);
INSERT INTO GAMELIST.PLATFORM_GAME_CONNECTION (ID,GAME_ID,PLATFORM_ID) VALUES (1126,551,4);
INSERT INTO GAMELIST.PLATFORM_GAME_CONNECTION (ID,GAME_ID,PLATFORM_ID) VALUES (1127,552,1);
INSERT INTO GAMELIST.PLATFORM_GAME_CONNECTION (ID,GAME_ID,PLATFORM_ID) VALUES (1128,552,2);
INSERT INTO GAMELIST.PLATFORM_GAME_CONNECTION (ID,GAME_ID,PLATFORM_ID) VALUES (1129,552,4);
INSERT INTO GAMELIST.PLATFORM_GAME_CONNECTION (ID,GAME_ID,PLATFORM_ID) VALUES (1130,553,2);
INSERT INTO GAMELIST.PLATFORM_GAME_CONNECTION (ID,GAME_ID,PLATFORM_ID) VALUES (1131,554,2);
INSERT INTO GAMELIST.PLATFORM_GAME_CONNECTION (ID,GAME_ID,PLATFORM_ID) VALUES (1132,555,2);
INSERT INTO GAMELIST.PLATFORM_GAME_CONNECTION (ID,GAME_ID,PLATFORM_ID) VALUES (1133,555,3);
INSERT INTO GAMELIST.PLATFORM_GAME_CONNECTION (ID,GAME_ID,PLATFORM_ID) VALUES (1134,556,2);
INSERT INTO GAMELIST.PLATFORM_GAME_CONNECTION (ID,GAME_ID,PLATFORM_ID) VALUES (1135,557,12);
INSERT INTO GAMELIST.PLATFORM_GAME_CONNECTION (ID,GAME_ID,PLATFORM_ID) VALUES (1136,558,2);
INSERT INTO GAMELIST.PLATFORM_GAME_CONNECTION (ID,GAME_ID,PLATFORM_ID) VALUES (1137,559,2);
INSERT INTO GAMELIST.PLATFORM_GAME_CONNECTION (ID,GAME_ID,PLATFORM_ID) VALUES (1138,559,3);
INSERT INTO GAMELIST.PLATFORM_GAME_CONNECTION (ID,GAME_ID,PLATFORM_ID) VALUES (1139,560,2);
INSERT INTO GAMELIST.PLATFORM_GAME_CONNECTION (ID,GAME_ID,PLATFORM_ID) VALUES (1140,560,3);
INSERT INTO GAMELIST.PLATFORM_GAME_CONNECTION (ID,GAME_ID,PLATFORM_ID) VALUES (1141,561,2);
INSERT INTO GAMELIST.PLATFORM_GAME_CONNECTION (ID,GAME_ID,PLATFORM_ID) VALUES (1142,562,1);
INSERT INTO GAMELIST.PLATFORM_GAME_CONNECTION (ID,GAME_ID,PLATFORM_ID) VALUES (1143,562,3);
INSERT INTO GAMELIST.PLATFORM_GAME_CONNECTION (ID,GAME_ID,PLATFORM_ID) VALUES (1144,562,12);
INSERT INTO GAMELIST.PLATFORM_GAME_CONNECTION (ID,GAME_ID,PLATFORM_ID) VALUES (1145,562,4);
INSERT INTO GAMELIST.PLATFORM_GAME_CONNECTION (ID,GAME_ID,PLATFORM_ID) VALUES (1146,562,11);
INSERT INTO GAMELIST.PLATFORM_GAME_CONNECTION (ID,GAME_ID,PLATFORM_ID) VALUES (1147,562,8);
INSERT INTO GAMELIST.PLATFORM_GAME_CONNECTION (ID,GAME_ID,PLATFORM_ID) VALUES (1148,563,1);
INSERT INTO GAMELIST.PLATFORM_GAME_CONNECTION (ID,GAME_ID,PLATFORM_ID) VALUES (1149,563,2);
INSERT INTO GAMELIST.PLATFORM_GAME_CONNECTION (ID,GAME_ID,PLATFORM_ID) VALUES (1150,563,3);
INSERT INTO GAMELIST.PLATFORM_GAME_CONNECTION (ID,GAME_ID,PLATFORM_ID) VALUES (1151,564,1);
INSERT INTO GAMELIST.PLATFORM_GAME_CONNECTION (ID,GAME_ID,PLATFORM_ID) VALUES (1152,564,7);
INSERT INTO GAMELIST.PLATFORM_GAME_CONNECTION (ID,GAME_ID,PLATFORM_ID) VALUES (1153,564,6);
INSERT INTO GAMELIST.PLATFORM_GAME_CONNECTION (ID,GAME_ID,PLATFORM_ID) VALUES (1154,564,2);
INSERT INTO GAMELIST.PLATFORM_GAME_CONNECTION (ID,GAME_ID,PLATFORM_ID) VALUES (1155,564,3);
INSERT INTO GAMELIST.PLATFORM_GAME_CONNECTION (ID,GAME_ID,PLATFORM_ID) VALUES (1156,564,4);
INSERT INTO GAMELIST.PLATFORM_GAME_CONNECTION (ID,GAME_ID,PLATFORM_ID) VALUES (1157,565,2);
INSERT INTO GAMELIST.PLATFORM_GAME_CONNECTION (ID,GAME_ID,PLATFORM_ID) VALUES (1158,566,1);
INSERT INTO GAMELIST.PLATFORM_GAME_CONNECTION (ID,GAME_ID,PLATFORM_ID) VALUES (1159,566,2);
INSERT INTO GAMELIST.PLATFORM_GAME_CONNECTION (ID,GAME_ID,PLATFORM_ID) VALUES (1160,566,3);
INSERT INTO GAMELIST.PLATFORM_GAME_CONNECTION (ID,GAME_ID,PLATFORM_ID) VALUES (1161,566,4);
INSERT INTO GAMELIST.PLATFORM_GAME_CONNECTION (ID,GAME_ID,PLATFORM_ID) VALUES (1162,567,2);
INSERT INTO GAMELIST.PLATFORM_GAME_CONNECTION (ID,GAME_ID,PLATFORM_ID) VALUES (1163,567,3);
INSERT INTO GAMELIST.PLATFORM_GAME_CONNECTION (ID,GAME_ID,PLATFORM_ID) VALUES (1164,568,12);
INSERT INTO GAMELIST.PLATFORM_GAME_CONNECTION (ID,GAME_ID,PLATFORM_ID) VALUES (1165,569,1);
INSERT INTO GAMELIST.PLATFORM_GAME_CONNECTION (ID,GAME_ID,PLATFORM_ID) VALUES (1166,569,3);
INSERT INTO GAMELIST.PLATFORM_GAME_CONNECTION (ID,GAME_ID,PLATFORM_ID) VALUES (1167,569,12);
INSERT INTO GAMELIST.PLATFORM_GAME_CONNECTION (ID,GAME_ID,PLATFORM_ID) VALUES (1168,569,4);
INSERT INTO GAMELIST.PLATFORM_GAME_CONNECTION (ID,GAME_ID,PLATFORM_ID) VALUES (1169,569,11);
INSERT INTO GAMELIST.PLATFORM_GAME_CONNECTION (ID,GAME_ID,PLATFORM_ID) VALUES (1170,569,8);
INSERT INTO GAMELIST.PLATFORM_GAME_CONNECTION (ID,GAME_ID,PLATFORM_ID) VALUES (1171,570,1);
INSERT INTO GAMELIST.PLATFORM_GAME_CONNECTION (ID,GAME_ID,PLATFORM_ID) VALUES (1172,570,2);
INSERT INTO GAMELIST.PLATFORM_GAME_CONNECTION (ID,GAME_ID,PLATFORM_ID) VALUES (1173,571,2);
INSERT INTO GAMELIST.PLATFORM_GAME_CONNECTION (ID,GAME_ID,PLATFORM_ID) VALUES (1174,572,2);
INSERT INTO GAMELIST.PLATFORM_GAME_CONNECTION (ID,GAME_ID,PLATFORM_ID) VALUES (1175,572,3);
INSERT INTO GAMELIST.PLATFORM_GAME_CONNECTION (ID,GAME_ID,PLATFORM_ID) VALUES (1176,573,2);
INSERT INTO GAMELIST.PLATFORM_GAME_CONNECTION (ID,GAME_ID,PLATFORM_ID) VALUES (1177,574,1);
INSERT INTO GAMELIST.PLATFORM_GAME_CONNECTION (ID,GAME_ID,PLATFORM_ID) VALUES (1178,574,2);
INSERT INTO GAMELIST.PLATFORM_GAME_CONNECTION (ID,GAME_ID,PLATFORM_ID) VALUES (1179,574,3);
INSERT INTO GAMELIST.PLATFORM_GAME_CONNECTION (ID,GAME_ID,PLATFORM_ID) VALUES (1180,574,12);
INSERT INTO GAMELIST.PLATFORM_GAME_CONNECTION (ID,GAME_ID,PLATFORM_ID) VALUES (1181,574,4);
INSERT INTO GAMELIST.PLATFORM_GAME_CONNECTION (ID,GAME_ID,PLATFORM_ID) VALUES (1182,574,11);
INSERT INTO GAMELIST.PLATFORM_GAME_CONNECTION (ID,GAME_ID,PLATFORM_ID) VALUES (1183,575,2);
INSERT INTO GAMELIST.PLATFORM_GAME_CONNECTION (ID,GAME_ID,PLATFORM_ID) VALUES (1184,576,1);
INSERT INTO GAMELIST.PLATFORM_GAME_CONNECTION (ID,GAME_ID,PLATFORM_ID) VALUES (1185,576,3);
INSERT INTO GAMELIST.PLATFORM_GAME_CONNECTION (ID,GAME_ID,PLATFORM_ID) VALUES (1186,576,12);
INSERT INTO GAMELIST.PLATFORM_GAME_CONNECTION (ID,GAME_ID,PLATFORM_ID) VALUES (1187,577,2);
INSERT INTO GAMELIST.PLATFORM_GAME_CONNECTION (ID,GAME_ID,PLATFORM_ID) VALUES (1188,577,3);
INSERT INTO GAMELIST.PLATFORM_GAME_CONNECTION (ID,GAME_ID,PLATFORM_ID) VALUES (1189,578,1);
INSERT INTO GAMELIST.PLATFORM_GAME_CONNECTION (ID,GAME_ID,PLATFORM_ID) VALUES (1190,578,3);
INSERT INTO GAMELIST.PLATFORM_GAME_CONNECTION (ID,GAME_ID,PLATFORM_ID) VALUES (1191,578,4);
INSERT INTO GAMELIST.PLATFORM_GAME_CONNECTION (ID,GAME_ID,PLATFORM_ID) VALUES (1192,579,2);
INSERT INTO GAMELIST.PLATFORM_GAME_CONNECTION (ID,GAME_ID,PLATFORM_ID) VALUES (1193,580,1);
INSERT INTO GAMELIST.PLATFORM_GAME_CONNECTION (ID,GAME_ID,PLATFORM_ID) VALUES (1194,580,12);
